OBJECTID,Year,FedID,CDCode,CDSCode,CountyName,DistrictName,DistrictType,GradeLow,GradeHigh,GradeLowCensus,GradeHighCensus,AssistStatus,CongressUS,SenateCA,AssemblyCA,LocaleDistrict,UpdateNotes,EnrollTotal,EnrollCharter,EnrollNonCharter,AAcount,AApct,AIcount,AIpct,AScount,ASpct,FIcount,FIpct,HIcount,HIpct,PIcount,PIpct,WHcount,WHpct,MRcount,MRpct,NRcount,NRpct,ELcount,ELpct,FOScount,FOSpct,HOMcount,HOMpct,MIGcount,MIGpct,SWDcount,SWDpct,SEDcount,SEDpct,FRPMcount,FRPMpct,DistrctAreaSqMi,Shape__Area,Shape__Length,Longitude,Latitutde,cds_code,recode_vaccine_mandates
1,2020-21,601770,161119,1.61E+12,Alameda,Alameda Unified,Unified,PK,12,KG,12,,13,9,18,"21 - Suburban, Large",SY 2018-19 Boundary Adjustment/Correction,10927,1856,9071,715,6.5,29,0.3,2768,25.3,605,5.5,1989,18.2,61,0.6,3021,27.6,1437,13.2,302,2.8,1316,12,16,0.1,77,0.7,0,0,1275,11.7,3202,29.3,3101,28.4,11.45557013,47554894.25,56522.98268,-122.239227,37.73263347,1.61E+12,"[""No independent mandates""]"
1,2020-21,601770,161119,1.61E+12,Alameda,Alameda Unified,Unified,PK,12,KG,12,,13,9,18,"21 - Suburban, Large",SY 2018-19 Boundary Adjustment/Correction,10927,1856,9071,715,6.5,29,0.3,2768,25.3,605,5.5,1989,18.2,61,0.6,3021,27.6,1437,13.2,302,2.8,1316,12,16,0.1,77,0.7,0,0,1275,11.7,3202,29.3,3101,28.4,11.45557013,47554894.25,56522.98268,-122.2496541,37.78250237,1.61E+12,"[""No independent mandates""]"
1,2020-21,601770,161119,1.61E+12,Alameda,Alameda Unified,Unified,PK,12,KG,12,,13,9,18,"21 - Suburban, Large",SY 2018-19 Boundary Adjustment/Correction,10927,1856,9071,715,6.5,29,0.3,2768,25.3,605,5.5,1989,18.2,61,0.6,3021,27.6,1437,13.2,302,2.8,1316,12,16,0.1,77,0.7,0,0,1275,11.7,3202,29.3,3101,28.4,11.45557013,47554894.25,56522.98268,-122.2764592,37.77474157,1.61E+12,"[""No independent mandates""]"
2,2020-21,601860,161127,1.61E+12,Alameda,Albany City Unified,Unified,KG,12,KG,12,,13,9,15,"21 - Suburban, Large",,3501,0,3501,118,3.4,7,0.2,1010,28.8,39,1.1,577,16.5,3,0.1,1007,28.8,489,14,251,7.2,400,11.4,2,0.1,3,0.1,0,0,311,8.9,608,17.4,587,16.8,1.703654331,7096327.465,12696.3828,-122.2989059,37.88982678,1.61E+12,"[""No independent mandates""]"
3,2020-21,604740,161143,1.61E+12,Alameda,Berkeley Unified,Unified,PK,12,KG,12,,13,9,15,"12 - City, Midsize ",,9409,0,9409,1193,12.7,26,0.3,781,8.3,79,0.8,2084,22.1,13,0.1,3889,41.3,1331,14.1,13,0.1,635,6.7,16,0.2,199,2.1,0,0,1091,11.6,2563,27.2,2431,25.8,10.48336218,43646483.95,43695.34154,-122.274747,37.87239977,1.61E+12,"[""No independent mandates""]"
4,2020-21,607800,161150,1.61E+12,Alameda,Castro Valley Unified,Unified,PK,12,KG,12,,"13,15","07,09,10","18,20","21 - Suburban, Large",SY 2018-19 Boundary Adjustment/Correction,9203,0,9203,451,4.9,10,0.1,2711,29.5,425,4.6,2150,23.4,36,0.4,2237,24.3,924,10,259,2.8,996,10.8,17,0.2,92,1,0,0,850,9.2,2067,22.5,1977,21.5,68.44260356,283828532.9,142492.7676,-122.0091044,37.64003218,1.61E+12,"[""No independent mandates""]"
4,2020-21,607800,161150,1.61E+12,Alameda,Castro Valley Unified,Unified,PK,12,KG,12,,"13,15","07,09,10","18,20","21 - Suburban, Large",SY 2018-19 Boundary Adjustment/Correction,9203,0,9203,451,4.9,10,0.1,2711,29.5,425,4.6,2150,23.4,36,0.4,2237,24.3,924,10,259,2.8,996,10.8,17,0.2,92,1,0,0,850,9.2,2067,22.5,1977,21.5,68.44260356,283828532.9,142492.7676,-122.0443713,37.72526789,1.61E+12,"[""No independent mandates""]"
5,2020-21,612630,161168,1.61E+12,Alameda,Emery Unified,Unified,PK,12,KG,12,,13,9,15,"21 - Suburban, Large",,698,0,698,315,45.1,2,0.3,77,11,6,0.9,169,24.2,8,1.1,60,8.6,56,8,5,0.7,140,20.1,0,0,1,0.1,0,0,69,9.9,561,80.4,555,79.5,1.289415556,5363392.457,13741.27289,-122.2906872,37.83790294,1.61E+12,"[""No independent mandates""]"
6,2020-21,614400,161176,1.61E+12,Alameda,Fremont Unified,Unified,PK,12,KG,12,,"15,17",10,"20,25","21 - Suburban, Large",,35187,405,34782,622,1.8,101,0.3,23136,65.8,1652,4.7,4985,14.2,197,0.6,3170,9,1050,3,274,0.8,3942,11.2,25,0.1,178,0.5,63,0.2,3327,9.5,6965,19.8,6666,18.9,77.8192883,321018983.8,163452.2736,-121.9766217,37.46531662,1.61E+12,"[""No independent mandates""]"
6,2020-21,614400,161176,1.61E+12,Alameda,Fremont Unified,Unified,PK,12,KG,12,,"15,17",10,"20,25","21 - Suburban, Large",,35187,405,34782,622,1.8,101,0.3,23136,65.8,1652,4.7,4985,14.2,197,0.6,3170,9,1050,3,274,0.8,3942,11.2,25,0.1,178,0.5,63,0.2,3327,9.5,6965,19.8,6666,18.9,77.8192883,321018983.8,163452.2736,-121.9828693,37.52794564,1.61E+12,"[""No independent mandates""]"
7,2020-21,616740,161192,1.61E+12,Alameda,Hayward Unified,Unified,PK,12,KG,12,,15,10,20,"12 - City, Midsize ",SY 2018-19 Boundary Adjustment/Correction,21638,2569,19069,1679,7.8,40,0.2,1811,8.4,1522,7,13998,64.7,688,3.2,965,4.5,859,4,76,0.4,6224,28.8,58,0.3,545,2.5,350,1.6,2517,11.6,13685,63.2,12757,59,34.31159168,141981818.5,82372.31006,-122.078187,37.64420635,1.61E+12,"[""No independent mandates""]"
8,2020-21,622110,161200,1.61E+12,Alameda,Livermore Valley Joint Unified,Unified,PK,12,KG,12,,"11,15",7,"14,16,20","23 - Suburban, Small",SY 2018-19 Boundary Adjustment/Correction,13305,0,13305,156,1.2,56,0.4,1369,10.3,392,2.9,4255,32,39,0.3,5867,44.1,1145,8.6,26,0.2,1367,10.3,12,0.1,101,0.8,168,1.3,1946,14.6,3280,24.7,3034,22.8,266.757604,1103915430,206081.1138,-121.6848605,37.64637612,1.61E+12,"[""No independent mandates""]"
10,2020-21,627060,161234,1.61E+12,Alameda,Newark Unified,Unified,PK,12,KG,12,,17,10,25,"21 - Suburban, Large",,5507,0,5507,157,2.9,14,0.3,917,16.7,498,9,2867,52.1,98,1.8,580,10.5,286,5.2,90,1.6,1062,19.3,17,0.3,251,4.6,61,1.1,716,13,3025,54.9,2958,53.7,14.09841883,58146582.99,39693.10486,-122.0307867,37.51990829,1.61E+12,"[""No independent mandates""]"
11,2020-21,626910,161242,1.61E+12,Alameda,New Haven Unified,Unified,KG,12,KG,12,,15,10,20,"21 - Suburban, Large",,10812,0,10812,496,4.6,63,0.6,2797,25.9,2075,19.2,4028,37.3,174,1.6,639,5.9,537,5,3,0,2013,18.6,8,0.1,144,1.3,124,1.1,1143,10.6,4474,41.4,4217,39,28.19472824,116528920.9,89708.40214,-122.0448343,37.59881912,1.61E+12,"[""No independent mandates""]"
12,2020-21,628050,161259,1.61E+12,Alameda,Oakland Unified,Unified,PK,12,KG,12,,13,9,"15,18","11 - City, Large",SY 2018-19 Boundary Adjustment/Correction,48704,13215,35489,10551,21.7,111,0.2,5620,11.5,402,0.8,23264,47.8,412,0.8,4790,9.8,2482,5.1,1072,2.2,14600,30,201,0.4,897,1.8,12,0,6883,14.1,35727,73.4,35303,72.5,53.6158357,222757863,142807.1172,-122.2150875,37.79454662,1.61E+12,"[""No independent mandates""]"
13,2020-21,630330,161275,1.61E+12,Alameda,Piedmont City Unified,Unified,PK,12,KG,12,,13,9,15,"21 - Suburban, Large",,2464,0,2464,38,1.5,0,0,328,13.3,20,0.8,237,9.6,0,0,1389,56.4,450,18.3,2,0.1,22,0.9,0,0,3,0.1,0,0,307,12.5,58,2.4,56,2.3,1.700189943,7069097.641,13206.74335,-122.2300392,37.82257288,1.61E+12,"[""No independent mandates""]"
14,2020-21,634680,161291,1.61E+12,Alameda,San Leandro Unified,Unified,KG,12,KG,12,,"13,15","09,10","18,20","13 - City, Small",SY 2018-19 Boundary Adjustment/Correction,8828,0,8828,1035,11.7,22,0.2,1501,17,582,6.6,4287,48.6,92,1,706,8,471,5.3,132,1.5,2198,24.9,21,0.2,99,1.1,0,0,1209,13.7,5575,63.2,5343,60.5,13.70626692,56818832.72,65375.0855,-122.1657214,37.71146647,1.61E+12,"[""No independent mandates""]"
15,2020-21,634710,161309,1.61E+12,Alameda,San Lorenzo Unified,Unified,PK,12,KG,12,,"13,15","09,10","18,20","21 - Suburban, Large",,10528,1097,9431,862,8.2,34,0.3,1692,16.1,703,6.7,5964,56.6,170,1.6,704,6.7,330,3.1,69,0.7,2788,26.5,33,0.3,178,1.7,77,0.7,1191,11.3,6661,63.3,6352,60.3,10.92437893,45247007.21,48415.82069,-122.1313099,37.67879169,1.61E+12,couldn't be reached
16,2020-21,600019,175093,1.75E+12,Alameda,Dublin Unified,Unified,PK,12,KG,12,,15,"07,10","16,20","21 - Suburban, Large",SY 2018-19 Boundary Adjustment/Correction,12625,0,12625,362,2.9,9,0.1,7328,58,627,5,1177,9.3,52,0.4,2140,17,921,7.3,9,0.1,913,7.2,5,0,17,0.1,0,0,913,7.2,924,7.3,875,6.9,16.81959831,69734312,51820.51817,-121.9008837,37.71650265,1.75E+12,"["" Other partial mandates""]"
17,2020-21,600020,175101,1.75E+12,Alameda,Pleasanton Unified,Unified,PK,12,KG,12,,15,"07,10","16,20","13 - City, Small",,14469,0,14469,205,1.4,19,0.1,6871,47.5,263,1.8,1443,10,31,0.2,4768,33,789,5.5,80,0.6,1497,10.3,11,0.1,40,0.3,0,0,1219,8.4,1265,8.7,1226,8.5,40.34936408,167046790.1,71218.11874,-121.8874866,37.66216803,1.75E+12,"[""No independent mandates""]"
18,2020-21,600021,175119,1.75E+12,Alameda,Sunol Glen Unified,Unified,KG,8,KG,12,,"15,17",7,20,"41 - Rural, Fringe",SY 2018-19 Boundary Adjustment/Correction,273,0,273,3,1.1,0,0,74,27.1,3,1.1,41,15,2,0.7,120,44,30,11,0,0,13,4.8,0,0,0,0,0,0,7,2.6,27,9.9,25,9.2,85.57933645,353288125.4,94567.61428,-121.8220754,37.55511833,1.75E+12,"[""No independent mandates""]"
19,2020-21,602070,261333,2.61E+12,Alpine,Alpine County Unified,Unified,KG,12,KG,12,,4,1,5,"42 - Rural, Distant",,73,0,73,0,0,30,41.1,1,1.4,1,1.4,3,4.1,0,0,34,46.6,4,5.5,0,0,0,0,0,0,9,12.3,0,0,11,15.1,45,61.6,45,61.6,743.1888765,3156005637,275565.4113,-119.8206659,38.59725584,2.61E+12,"["" No comment""]"
20,2020-21,602450,373981,3.74E+12,Amador,Amador County Unified,Unified,KG,12,KG,12,,4,8,5,"32 - Town, Distant",,3889,0,3889,17,0.4,80,2.1,16,0.4,18,0.5,897,23.1,6,0.2,2553,65.6,269,6.9,33,0.8,101,2.6,23,0.6,118,3,0,0,750,19.3,1674,43,1618,41.6,605.9504925,2562527945,359598.5547,-120.6511286,38.44639464,3.74E+12,"[""No independent mandates""]"
21,2020-21,603780,461382,4.61E+12,Butte,Bangor Union Elementary,Elementary,KG,8,KG,8,,1,4,3,"42 - Rural, Distant",,107,0,107,0,0,2,1.9,0,0,0,0,23,21.5,0,0,74,69.2,7,6.5,1,0.9,7,6.5,6,5.6,3,2.8,0,0,19,17.8,84,78.5,82,76.6,39.94995795,173498047.8,74073.56436,-121.4063749,39.39746395,4.61E+12,couldn't be reached
22,2020-21,605040,461408,4.61E+12,Butte,Biggs Unified,Unified,KG,12,KG,12,,1,4,3,"42 - Rural, Distant",,563,0,563,22,3.9,4,0.7,10,1.8,0,0,214,38,3,0.5,306,54.4,4,0.7,0,0,51,9.1,7,1.2,32,5.7,4,0.7,74,13.1,370,65.7,358,63.6,134.2771444,584180575.8,117054.1527,-121.7603492,39.45944301,4.61E+12,couldn't be reached
23,2020-21,608370,461424,4.61E+12,Butte,Chico Unified,Unified,PK,12,KG,12,,1,4,"01,03","13 - City, Small",SY 2019-20 Boundary Adjustment/Correction,13909,1998,11911,287,2.1,167,1.2,623,4.5,73,0.5,3567,25.6,57,0.4,7983,57.4,859,6.2,293,2.1,726,5.2,109,0.8,254,1.8,11,0.1,1838,13.2,6853,49.3,6703,48.2,329.634292,1448557127,232966.1485,-121.8146305,39.80925692,4.61E+12,"[""No independent mandates""]"
24,2020-21,611730,461432,4.61E+12,Butte,Durham Unified,Unified,KG,12,KG,12,,1,4,3,"41 - Rural, Fringe",,991,0,991,4,0.4,6,0.6,5,0.5,0,0,233,23.5,0,0,691,69.7,51,5.1,1,0.1,75,7.6,3,0.3,50,5,7,0.7,126,12.7,450,45.4,446,45,181.7830959,794276212.1,149729.9171,-121.8009382,39.61034953,4.61E+12,couldn't be reached
25,2020-21,615480,461457,4.61E+12,Butte,Golden Feather Union Elementary,Elementary,KG,8,KG,8,,1,4,"01,03","41 - Rural, Fringe",SY 2019-20 Boundary Adjustment/Correction,62,0,62,1,1.6,0,0,0,0,0,0,10,16.1,0,0,49,79,2,3.2,0,0,3,4.8,1,1.6,20,32.3,0,0,12,19.4,53,85.5,53,85.5,211.5067803,927718354.3,192389.0288,-121.4889633,39.74437521,4.61E+12,couldn't be reached
26,2020-21,623700,461499,4.61E+12,Butte,Manzanita Elementary,Elementary,KG,8,KG,8,,1,4,3,"41 - Rural, Fringe",,276,0,276,1,0.4,2,0.7,14,5.1,0,0,115,41.7,1,0.4,128,46.4,15,5.4,0,0,40,14.5,1,0.4,0,0,2,0.7,22,8,125,45.3,124,44.9,11.3419614,49155706.61,32175.25222,-121.6628227,39.3250926,4.61E+12,couldn't be reached
27,2020-21,629100,461507,4.62E+12,Butte,Oroville City Elementary,Elementary,PK,12,KG,8,,1,4,"01,03","32 - Town, Distant",2019-20 District Merge: Oroville City annexes Feather Falls Union,2533,378,2155,83,3.3,92,3.6,222,8.8,13,0.5,418,16.5,4,0.2,1308,51.6,382,15.1,11,0.4,170,6.7,37,1.5,51,2,1,0,373,14.7,1907,75.3,1895,74.8,178.8126656,779989542.1,211288.5357,-121.3482851,39.55176554,4.62E+12,couldn't be reached
28,2020-21,629130,461515,4.62E+12,Butte,Oroville Union High,High,9,12,9,12,,1,4,"01,03","32 - Town, Distant",,2334,0,2334,95,4.1,181,7.8,297,12.7,13,0.6,510,21.9,9,0.4,1127,48.3,81,3.5,21,0.9,90,3.9,29,1.2,87,3.7,5,0.2,345,14.8,1717,73.6,1701,72.9,669.8331464,2926741708,321317.4069,-121.4350563,39.60998518,4.62E+12,"[""No independent mandates""]"
29,2020-21,629540,461523,4.62E+12,Butte,Palermo Union Elementary,Elementary,PK,8,KG,8,,1,4,3,"41 - Rural, Fringe",,1278,0,1278,10,0.8,52,4.1,44,3.4,2,0.2,421,32.9,2,0.2,592,46.3,122,9.5,33,2.6,156,12.2,11,0.9,65,5.1,1,0.1,137,10.7,1004,78.6,999,78.2,68.80209923,298797808.3,97650.72867,-121.5437825,39.39722416,4.62E+12,"[""No independent mandates""]"
30,2020-21,629820,461531,4.62E+12,Butte,Paradise Unified,Unified,PK,12,KG,12,,1,4,"01,03","31 - Town, Fringe",SY 2019-20 Boundary Adjustment/Correction,2102,569,1533,13,0.6,35,1.7,11,0.5,8,0.4,283,13.5,0,0,1614,76.8,136,6.5,2,0.1,18,0.9,15,0.7,163,7.8,0,0,309,14.7,1370,65.2,1349,64.2,226.5634393,999654453.5,225937.9681,-121.5354951,39.94890959,4.62E+12,"[""No independent mandates""]"
31,2020-21,639180,461549,4.62E+12,Butte,Thermalito Union Elementary,Elementary,KG,8,KG,8,,1,4,"01,03","32 - Town, Distant",,1507,0,1507,32,2.1,46,3.1,447,29.7,9,0.6,196,13,7,0.5,643,42.7,117,7.8,10,0.7,198,13.1,14,0.9,33,2.2,0,0,138,9.2,1311,87,1306,86.7,44.8929253,195713654.2,86467.94356,-121.5975676,39.53193792,4.62E+12,"[""No independent mandates""]"
32,2020-21,630520,473379,4.73E+12,Butte,Pioneer Union Elementary,Elementary,KG,8,KG,8,,1,4,1,"42 - Rural, Distant",SY 2019-20 Boundary Adjustment/Correction,52,0,52,0,0,1,1.9,0,0,0,0,10,19.2,0,0,33,63.5,3,5.8,5,9.6,2,3.8,2,3.8,46,88.5,0,0,6,11.5,52,100,52,100,125.868718,551024301.5,155135.3331,-121.359464,39.67730717,4.73E+12,couldn't be reached
33,2020-21,600051,475507,4.76E+12,Butte,Gridley Unified,Unified,KG,12,KG,12,,1,4,3,"32 - Town, Distant",SY 2019-20 Boundary Adjustment/Correction,2080,0,2080,11,0.5,4,0.2,53,2.5,1,0,1198,57.6,3,0.1,708,34,20,1,82,3.9,286,13.8,10,0.5,25,1.2,36,1.7,252,12.1,1644,79,1633,78.5,96.87187718,420090674.1,110651.7551,-121.7343983,39.34616098,4.76E+12,"[""No independent mandates""]"
34,2020-21,605940,561556,5.62E+12,Calaveras,Bret Harte Union High,High,9,12,9,12,,4,8,5,"32 - Town, Distant",SY 2018-19 Boundary Adjustment/Correction,624,0,624,5,0.8,11,1.8,7,1.1,1,0.2,137,22,0,0,427,68.4,36,5.8,0,0,8,1.3,2,0.3,3,0.5,0,0,103,16.5,223,35.7,209,33.5,445.3506347,1868079539,364813.7561,-120.469395,38.14794742,5.62E+12,"[""No independent mandates""]"
35,2020-21,606870,561564,5.62E+12,Calaveras,Calaveras Unified,Unified,KG,12,KG,12,,4,8,5,"42 - Rural, Distant",SY 2018-19 Boundary Adjustment/Correction,2685,0,2685,18,0.7,43,1.6,18,0.7,10,0.4,620,23.1,1,0,1782,66.4,174,6.5,19,0.7,100,3.7,34,1.3,72,2.7,0,0,476,17.7,1371,51.1,1338,49.8,591.5759264,2488133755,314947.2641,-120.6178614,38.24721311,5.62E+12,"[""No independent mandates""]"
36,2020-21,623970,561572,5.62E+12,Calaveras,Mark Twain Union Elementary,Elementary,KG,8,KG,8,,4,8,5,"32 - Town, Distant",SY 2018-19 Boundary Adjustment/Correction,690,0,690,6,0.9,13,1.9,2,0.3,2,0.3,175,25.4,2,0.3,450,65.2,39,5.7,1,0.1,52,7.5,2,0.3,1,0.1,0,0,112,16.2,403,58.4,399,57.8,233.7458044,976669867.5,182962.3487,-120.6359168,38.005033,5.62E+12,"[""No independent mandates""]"
37,2020-21,640680,561580,5.62E+12,Calaveras,Vallecito Union,Elementary,KG,8,KG,8,,4,8,5,"43 - Rural, Remote",SY 2018-19 Boundary Adjustment/Correction,544,0,544,1,0.2,7,1.3,3,0.6,2,0.4,95,17.5,2,0.4,400,73.5,30,5.5,4,0.7,22,4,2,0.4,24,4.4,0,0,69,12.7,254,46.7,237,43.6,211.6048302,891409671.7,235133.192,-120.2861926,38.30517758,5.62E+12,"[""No independent mandates""]"
38,2020-21,609570,661598,6.62E+12,Colusa,Colusa Unified,Unified,KG,12,KG,12,,3,4,"03,04","32 - Town, Distant",,1529,0,1529,16,1,49,3.2,18,1.2,1,0.1,1109,72.5,6,0.4,316,20.7,14,0.9,0,0,465,30.4,16,1,48,3.1,43,2.8,194,12.7,983,64.3,904,59.1,145.625111,629556916.1,161675.2835,-121.9907661,39.23660453,6.62E+12,couldn't be reached
39,2020-21,624150,661606,6.62E+12,Colusa,Maxwell Unified,Unified,KG,12,KG,12,,3,4,"03,04","42 - Rural, Distant",SY 2019-20 Boundary Adjustment/Correction,325,0,325,5,1.5,6,1.8,0,0,0,0,182,56,0,0,128,39.4,0,0,4,1.2,104,32,2,0.6,64,19.7,10,3.1,38,11.7,244,75.1,241,74.2,387.8105348,1678875462,250722.8929,-122.4150084,39.28551235,6.62E+12,couldn't be reached
40,2020-21,630360,661614,6.62E+12,Colusa,Pierce Joint Unified,Unified,KG,12,KG,12,,3,"03,04",4,"32 - Town, Distant",,1443,0,1443,13,0.9,1,0.1,18,1.2,3,0.2,1130,78.3,2,0.1,250,17.3,19,1.3,7,0.5,503,34.9,10,0.7,101,7,46,3.2,173,12,954,66.1,868,60.2,348.2714562,1494905879,217065.3563,-122.0546365,38.98287879,6.62E+12,couldn't be reached
41,2020-21,642540,661622,6.62E+12,Colusa,Williams Unified,Unified,KG,12,KG,12,,3,4,"03,04","32 - Town, Distant",,1338,0,1338,1,0.1,2,0.1,15,1.1,0,0,1287,96.2,0,0,30,2.2,3,0.2,0,0,706,52.8,0,0,150,11.2,138,10.3,148,11.1,1195,89.3,1166,87.1,256.9804558,1107361961,203799.6366,-122.2654435,39.12166781,6.62E+12,"["" Only hire/promote vaccinated staff""]"
42,2020-21,601650,761630,7.62E+12,Contra Costa,Acalanes Union High,High,9,12,9,12,,11,"07,09","14,15,16","21 - Suburban, Large",SY 2018-19 Boundary Adjustment/Correction,5535,0,5535,89,1.6,9,0.2,775,14,120,2.2,569,10.3,8,0.1,3524,63.7,389,7,52,0.9,91,1.6,4,0.1,4,0.1,0,0,605,10.9,382,6.9,372,6.7,81.98783069,341381202.9,113967.9636,-122.1319381,37.87594079,7.62E+12,"[""No independent mandates""]"
43,2020-21,602850,761648,7.62E+12,Contra Costa,Antioch Unified,Unified,KG,12,KG,12,,"09,11",7,"11,14","21 - Suburban, Large",,16599,947,15652,4043,24.4,95,0.6,705,4.2,752,4.5,7894,47.6,249,1.5,2008,12.1,841,5.1,12,0.1,2909,17.5,127,0.8,297,1.8,0,0,2413,14.5,11570,69.7,11247,67.8,41.14851904,171810678.7,69654.45286,-121.8058546,37.97885279,7.62E+12,"[""No independent mandates""]"
44,2020-21,605910,761655,7.62E+12,Contra Costa,Brentwood Union Elementary,Elementary,KG,8,KG,8,,"09,11",7,"11,14","21 - Suburban, Large",,9023,0,9023,656,7.3,20,0.2,677,7.5,535,5.9,2947,32.7,51,0.6,3086,34.2,685,7.6,366,4.1,790,8.8,24,0.3,46,0.5,1,0,1200,13.3,2216,24.6,2112,23.4,56.5561941,235686523.9,97184.74365,-121.7484782,37.90706485,7.62E+12,"["" Considering mandates""]"
45,2020-21,606750,761663,7.62E+12,Contra Costa,Byron Union Elementary,Elementary,KG,12,KG,8,,"09,11",7,"11,14","31 - Town, Fringe",,2193,874,1319,124,5.7,31,1.4,83,3.8,14,0.6,622,28.4,21,1,1137,51.8,151,6.9,10,0.5,110,5,16,0.7,20,0.9,0,0,341,15.5,730,33.3,714,32.6,79.12573258,329208490.5,98360.29834,-121.6529242,37.84709296,7.62E+12,"[""No independent mandates""]"
46,2020-21,607350,761671,7.62E+12,Contra Costa,Canyon Elementary,Elementary,KG,8,KG,8,,11,7,16,"41 - Rural, Fringe",SY 2018-19 Boundary Adjustment/Correction,72,0,72,0,0,0,0,2,2.8,0,0,14,19.4,0,0,45,62.5,10,13.9,1,1.4,0,0,0,0,0,0,0,0,4,5.6,7,9.7,7,9.7,3.547529805,14753011.68,23256.65867,-122.1708031,37.83013016,7.62E+12,"[""No independent mandates""]"
47,2020-21,618990,761697,7.62E+12,Contra Costa,John Swett Unified,Unified,KG,12,KG,12,,5,"03,09","14,15","21 - Suburban, Large",,1312,0,1312,192,14.6,8,0.6,131,10,139,10.6,486,37,4,0.3,200,15.2,141,10.7,11,0.8,209,15.9,4,0.3,17,1.3,0,0,210,16,786,59.9,767,58.5,21.04309167,87969704.71,50740.65555,-122.215733,38.02380997,7.62E+12,"[""No independent mandates""]"
48,2020-21,620040,761705,7.62E+12,Contra Costa,Knightsen Elementary,Elementary,KG,8,KG,8,,9,7,11,"41 - Rural, Fringe",,608,0,608,8,1.3,2,0.3,7,1.2,9,1.5,237,39,3,0.5,277,45.6,37,6.1,28,4.6,78,12.8,1,0.2,2,0.3,0,0,81,13.3,162,26.6,150,24.7,30.60479833,127729343.6,75807.95622,-121.616081,37.96228025,7.62E+12,"[""No independent mandates""]"
49,2020-21,620310,761713,7.62E+12,Contra Costa,Lafayette Elementary,Elementary,KG,8,KG,8,,11,7,"14,16","21 - Suburban, Large",,3261,0,3261,23,0.7,1,0,363,11.1,36,1.1,300,9.2,2,0.1,2007,61.5,406,12.5,123,3.8,75,2.3,0,0,0,0,0,0,346,10.6,111,3.4,108,3.3,19.63085106,81785877.78,65791.94871,-122.1156073,37.89723951,7.62E+12,"[""No independent mandates""]"
50,2020-21,621600,761721,7.62E+12,Contra Costa,Liberty Union High,High,9,12,9,12,,"09,11",7,"11,14","21 - Suburban, Large",,8222,0,8222,704,8.6,48,0.6,402,4.9,462,5.6,3029,36.8,55,0.7,3061,37.2,394,4.8,67,0.8,484,5.9,25,0.3,78,0.9,6,0.1,1086,13.2,2271,27.6,2055,25,218.8622614,912472756.5,185983.1861,-121.6723058,37.92358737,7.62E+12,"[""No independent mandates""]"
51,2020-21,624030,761739,7.62E+12,Contra Costa,Martinez Unified,Unified,PK,12,KG,12,,"05,11","03,07,09",14,"21 - Suburban, Large",,3983,0,3983,102,2.6,8,0.2,141,3.5,121,3,1234,31,14,0.4,1842,46.2,440,11,81,2,313,7.9,12,0.3,8,0.2,0,0,558,14,1019,25.6,958,24.1,41.97427996,175268332.6,82514.11922,-122.1499852,37.98094687,7.62E+12,"[""No independent mandates""]"
52,2020-21,625740,761747,7.62E+12,Contra Costa,Moraga Elementary,Elementary,KG,8,KG,8,,11,7,16,"21 - Suburban, Large",,1769,0,1769,19,1.1,5,0.3,270,15.3,25,1.4,156,8.8,2,0.1,977,55.2,310,17.5,5,0.3,40,2.3,2,0.1,0,0,0,0,211,11.9,62,3.5,62,3.5,17.94495425,74630340.36,44950.24376,-122.1088617,37.83168877,7.62E+12,"[""No independent mandates""]"
53,2020-21,626370,761754,7.62E+12,Contra Costa,Mt. Diablo Unified,Unified,KG,12,KG,12,,"05,11","03,07","14,16","21 - Suburban, Large",,29908,326,29582,916,3.1,41,0.1,2343,7.8,1307,4.4,12847,43,190,0.6,8455,28.3,2354,7.9,1455,4.9,5463,18.3,101,0.3,319,1.1,0,0,3878,13,12402,41.5,11823,39.5,130.6064813,545007392.4,139521.2233,-121.9768013,37.95682677,7.62E+12,"[""No independent mandates""]"
54,2020-21,628080,761762,7.62E+12,Contra Costa,Oakley Union Elementary,Elementary,KG,8,KG,8,,9,7,11,"21 - Suburban, Large",,4939,0,4939,516,10.4,30,0.6,169,3.4,236,4.8,2293,46.4,34,0.7,1582,32,55,1.1,24,0.5,653,13.2,20,0.4,15,0.3,1,0,708,14.3,2136,43.2,2054,41.6,52.5755364,219848398.5,82299.79539,-121.6522991,38.03366528,7.62E+12,"[""No independent mandates""]"
55,2020-21,628860,761770,7.62E+12,Contra Costa,Orinda Union Elementary,Elementary,KG,8,KG,8,,11,"07,09","14,15,16","21 - Suburban, Large",,2478,0,2478,31,1.3,8,0.3,502,20.3,36,1.5,142,5.7,1,0,1508,60.9,202,8.2,48,1.9,29,1.2,0,0,2,0.1,0,0,201,8.1,58,2.3,56,2.3,26.77167655,111514145.3,66653.97243,-122.1952947,37.88999104,7.62E+12,"[""No independent mandates""]"
56,2020-21,630600,761788,7.62E+12,Contra Costa,Pittsburg Unified,Unified,KG,12,KG,12,,11,7,"11,14","21 - Suburban, Large",,11015,0,11015,1737,15.8,26,0.2,349,3.2,546,5,7150,64.9,127,1.2,542,4.9,496,4.5,42,0.4,2805,25.5,63,0.6,252,2.3,0,0,1240,11.3,8510,77.3,8164,74.1,29.77216102,124389243.1,62380.9638,-121.8890424,38.00241299,7.62E+12,"[""No independent mandates""]"
57,2020-21,632550,761796,7.62E+12,Contra Costa,West Contra Costa Unified,Unified,PK,12,KG,12,,"05,11",9,"14,15","21 - Suburban, Large",,31027,3644,27383,4155,13.4,76,0.2,3117,10,1477,4.8,17423,56.2,157,0.5,3119,10.1,1445,4.7,58,0.2,8923,28.8,80,0.3,725,2.3,2,0,4022,13,21264,68.5,20627,66.5,63.29551285,264124934.6,126302.3935,-122.3579537,37.89781657,7.62E+12,"["" Only hire/promote vaccinated staff"","" Indepedent staff mandate without testing option""]"
57,2020-21,632550,761796,7.62E+12,Contra Costa,West Contra Costa Unified,Unified,PK,12,KG,12,,"05,11",9,"14,15","21 - Suburban, Large",,31027,3644,27383,4155,13.4,76,0.2,3117,10,1477,4.8,17423,56.2,157,0.5,3119,10.1,1445,4.7,58,0.2,8923,28.8,80,0.3,725,2.3,2,0,4022,13,21264,68.5,20627,66.5,63.29551285,264124934.6,126302.3935,-122.3097341,37.95685438,7.62E+12,"["" Only hire/promote vaccinated staff"","" Indepedent staff mandate without testing option""]"
58,2020-21,635130,761804,7.62E+12,Contra Costa,San Ramon Valley Unified,Unified,PK,12,KG,12,,"11,15",7,"14,16","13 - City, Small",,30726,0,30726,512,1.7,83,0.3,12385,40.3,1150,3.7,2742,8.9,64,0.2,11186,36.4,2595,8.4,9,0,1379,4.5,13,0,34,0.1,0,0,2842,9.2,1728,5.6,1600,5.2,105.9007029,440113997.9,96896.91834,-121.9409238,37.80538733,7.62E+12,"[""No independent mandates""]"
59,2020-21,641250,761812,7.62E+12,Contra Costa,Walnut Creek Elementary,Elementary,KG,8,KG,8,,11,7,"14,16","13 - City, Small",,3467,0,3467,87,2.5,10,0.3,527,15.2,78,2.2,516,14.9,6,0.2,1846,53.2,353,10.2,44,1.3,372,10.7,1,0,2,0.1,0,0,352,10.2,430,12.4,416,12,14.09281903,58697827.82,47366.43047,-122.0539153,37.88740567,7.62E+12,"[""No independent mandates""]"
60,2020-21,610770,861820,8.62E+12,Del Norte,Del Norte County Unified,Unified,KG,12,KG,12,,2,2,2,"33 - Town, Remote",,3818,254,3564,25,0.7,548,14.4,173,4.5,20,0.5,879,23,3,0.1,1904,49.9,266,7,0,0,233,6.1,64,1.7,134,3.5,0,0,552,14.5,2523,66.1,2473,64.8,1014.284914,4722392223,381223.787,-124.2031235,41.7439471,8.62E+12,"[""No independent mandates""]"
60,2020-21,610770,861820,8.62E+12,Del Norte,Del Norte County Unified,Unified,KG,12,KG,12,,2,2,2,"33 - Town, Remote",,3818,254,3564,25,0.7,548,14.4,173,4.5,20,0.5,879,23,3,0.1,1904,49.9,266,7,0,0,233,6.1,64,1.7,134,3.5,0,0,552,14.5,2523,66.1,2473,64.8,1014.284914,4722392223,381223.787,-123.8969994,41.74308539,8.62E+12,"[""No independent mandates""]"
61,2020-21,606270,961838,9.62E+12,El Dorado,Buckeye Union Elementary,Elementary,KG,12,KG,8,,4,1,"05,06","21 - Suburban, Large",SY 2019-20 Boundary Adjustment/Correction,8501,4803,3698,129,1.5,35,0.4,513,6,113,1.3,1248,14.7,21,0.2,5740,67.5,583,6.9,119,1.4,343,4,15,0.2,46,0.5,0,0,941,11.1,2008,23.6,1988,23.4,55.20908017,234764174,112813.102,-120.9750394,38.6460412,9.62E+12,"[""No independent mandates""]"
62,2020-21,607170,961846,9.62E+12,El Dorado,Camino Union Elementary,Elementary,KG,8,KG,8,,4,1,5,"41 - Rural, Fringe",SY 2019-20 Boundary Adjustment/Correction,425,55,370,2,0.5,13,3.1,0,0,3,0.7,124,29.2,1,0.2,261,61.4,20,4.7,1,0.2,66,15.5,2,0.5,12,2.8,0,0,59,13.9,184,43.3,177,41.6,108.5039596,463804411.5,157352.6215,-120.6167477,38.83401981,9.62E+12,"["" Indepedent staff mandate without testing option"","" Only hire/promote vaccinated staff"","" Considering mandates""]"
63,2020-21,612070,961853,9.62E+12,El Dorado,El Dorado Union High,High,8,12,9,12,,4,1,"05,06","21 - Suburban, Large",,6846,116,6730,67,1,61,0.9,364,5.3,99,1.4,1204,17.6,18,0.3,4631,67.6,385,5.6,17,0.2,103,1.5,26,0.4,54,0.8,0,0,863,12.6,1621,23.7,1557,22.7,1121.769647,4777833123,373797.2917,-120.5931477,38.70454391,9.62E+12,couldn't be reached
64,2020-21,615390,961879,9.62E+12,El Dorado,Gold Oak Union Elementary,Elementary,KG,8,KG,8,,4,1,5,"41 - Rural, Fringe",SY 2019-20 Boundary Adjustment/Correction,419,0,419,3,0.7,3,0.7,1,0.2,1,0.2,54,12.9,1,0.2,338,80.7,17,4.1,1,0.2,4,1,5,1.2,6,1.4,0,0,69,16.5,149,35.6,141,33.7,46.9215345,199704631.3,90453.5386,-120.7170342,38.67885843,9.62E+12,"[""No independent mandates""]"
65,2020-21,615450,961887,9.62E+12,El Dorado,Gold Trail Union Elementary,Elementary,KG,8,KG,8,,4,1,5,"41 - Rural, Fringe",SY 2019-20 Boundary Adjustment/Correction,593,0,593,4,0.7,7,1.2,3,0.5,0,0,69,11.6,5,0.8,494,83.3,7,1.2,4,0.7,13,2.2,2,0.3,13,2.2,0,0,99,16.7,152,25.6,149,25.1,48.21918872,205821776.5,83119.91935,-120.9168486,38.78296243,9.62E+12,"[""No independent mandates""]"
66,2020-21,618240,961895,9.62E+12,El Dorado,Indian Diggings Elementary,Elementary,KG,8,KG,8,,4,1,5,"42 - Rural, Distant",,14,0,14,0,0,0,0,0,0,0,0,0,0,0,0,14,100,0,0,0,0,0,0,0,0,0,0,0,0,2,14.3,8,57.1,8,57.1,62.30313523,264266809.3,121190.3835,-120.4739531,38.55535728,9.62E+12,couldn't be reached
67,2020-21,620640,961903,9.62E+12,El Dorado,Lake Tahoe Unified,Unified,KG,12,KG,12,,4,1,5,"32 - Town, Distant",SY 2019-20 Boundary Adjustment/Correction,3725,0,3725,14,0.4,10,0.3,50,1.3,119,3.2,1657,44.5,7,0.2,1722,46.2,118,3.2,28,0.8,824,22.1,17,0.5,138,3.7,0,0,476,12.8,1989,53.4,1911,51.3,210.689002,901394077.3,168707.6755,-120.0307716,38.86561281,9.62E+12,"[""No independent mandates""]"
68,2020-21,621180,961911,9.62E+12,El Dorado,Latrobe,Elementary,KG,8,KG,8,,4,1,"05,06","42 - Rural, Distant",,148,0,148,0,0,3,2,3,2,1,0.7,18,12.2,0,0,106,71.6,14,9.5,3,2,0,0,3,2,1,0.7,0,0,9,6.1,16,10.8,16,10.8,55.90328311,237213972.1,92416.40889,-120.9826792,38.56955811,9.62E+12,couldn't be reached
69,2020-21,625980,961929,9.62E+12,El Dorado,Mother Lode Union Elementary,Elementary,KG,8,KG,8,,4,1,5,"41 - Rural, Fringe",,934,0,934,7,0.7,24,2.6,3,0.3,2,0.2,305,32.7,1,0.1,565,60.5,27,2.9,0,0,132,14.1,6,0.6,52,5.6,0,0,124,13.3,441,47.2,417,44.6,62.7855172,266948442.1,117409.8537,-120.8492916,38.64156314,9.62E+12,"[""No independent mandates""]"
70,2020-21,630480,961945,9.62E+12,El Dorado,Pioneer Union Elementary,Elementary,KG,8,KG,8,,4,1,5,"42 - Rural, Distant",,281,0,281,1,0.4,3,1.1,3,1.1,3,1.1,37,13.2,0,0,194,69,38,13.5,2,0.7,18,6.4,5,1.8,5,1.8,0,0,37,13.2,135,48,132,47,231.7726332,984759224.5,240178.8093,-120.5216868,38.61662289,9.62E+12,"[""No independent mandates""]"
71,2020-21,630780,961952,9.62E+12,El Dorado,Placerville Union Elementary,Elementary,KG,8,KG,8,,4,1,5,"31 - Town, Fringe",SY 2019-20 Boundary Adjustment/Correction,1216,0,1216,2,0.2,10,0.8,5,0.4,1,0.1,360,29.6,0,0,749,61.6,85,7,4,0.3,159,13.1,7,0.6,49,4,0,0,163,13.4,680,55.9,666,54.8,47.3595056,202105072.1,132691.282,-120.7511862,38.77455146,9.62E+12,"[""No independent mandates""]"
72,2020-21,631290,961960,9.62E+12,El Dorado,Pollock Pines Elementary,Elementary,PK,8,KG,8,,4,1,5,"31 - Town, Fringe",,584,0,584,5,0.9,12,2.1,3,0.5,2,0.3,98,16.8,1,0.2,427,73.1,36,6.2,0,0,9,1.5,3,0.5,10,1.7,0,0,94,16.1,273,46.7,271,46.4,198.8218097,847963739.5,253306.6233,-120.4164618,38.72884304,9.62E+12,couldn't be reached
72,2020-21,631290,961960,9.62E+12,El Dorado,Pollock Pines Elementary,Elementary,PK,8,KG,8,,4,1,5,"31 - Town, Fringe",,584,0,584,5,0.9,12,2.1,3,0.5,2,0.3,98,16.8,1,0.2,427,73.1,36,6.2,0,0,9,1.5,3,0.5,10,1.7,0,0,94,16.1,273,46.7,271,46.4,198.8218097,847963739.5,253306.6233,-120.3646079,38.86132405,9.62E+12,couldn't be reached
73,2020-21,632310,961978,9.62E+12,El Dorado,Rescue Union Elementary,Elementary,KG,8,KG,8,,4,1,"05,06","21 - Suburban, Large",,3426,0,3426,30,0.9,9,0.3,195,5.7,63,1.8,571,16.7,10,0.3,2394,69.9,154,4.5,0,0,144,4.2,3,0.1,12,0.4,0,0,424,12.4,580,16.9,550,16.1,50.29048637,214283355.4,85948.01042,-121.0164877,38.71924924,9.62E+12,"[""No independent mandates""]"
74,2020-21,636810,961986,9.62E+12,El Dorado,Silver Fork Elementary,Elementary,KG,8,KG,8,,4,1,5,"43 - Rural, Remote",,18,0,18,0,0,1,5.6,0,0,0,0,1,5.6,0,0,16,88.9,0,0,0,0,0,0,0,0,0,0,0,0,3,16.7,8,44.4,8,44.4,153.6795138,656197514.9,130920.4056,-120.2639595,38.79512751,9.62E+12,couldn't be reached
75,2020-21,605240,973783,9.74E+12,El Dorado,Black Oak Mine Unified,Unified,KG,12,KG,12,,4,1,"05,06","42 - Rural, Distant",,1284,331,953,8,0.6,30,2.3,12,0.9,5,0.4,136,10.6,6,0.5,1049,81.7,38,3,0,0,12,0.9,8,0.6,77,6,0,0,165,12.9,548,42.7,540,42.1,412.8764577,1768694082,378584.2235,-120.6334977,38.91182127,9.74E+12,"["" Indepedent staff mandate without testing option""]"
84,2020-21,619800,1062240,1.06E+13,Fresno,Kingsburg Elementary Charter,Elementary,KG,8,KG,8,,"21,22","12,14","26,31,32","31 - Town, Fringe",,2116,2116,0,4,0.2,4,0.2,46,2.2,1,0,1394,65.9,1,0,585,27.6,68,3.2,13,0.6,250,11.8,4,0.2,152,7.2,0,0,200,9.5,1331,62.9,1324,62.6,46.32196847,185986785.6,81522.91092,-119.5860289,36.4907532,1.06E+13,couldn't be reached
93,2020-21,631680,1062380,1.06E+13,Fresno,Raisin City Elementary,Elementary,KG,12,KG,8,,21,12,31,"42 - Rural, Distant",,529,245,284,39,7.4,2,0.4,13,2.5,0,0,435,82.2,0,0,20,3.8,5,0.9,15,2.8,221,41.8,8,1.5,12,2.3,55,10.4,53,10,524,99.1,521,98.5,43.08717587,173410998.3,69197.56752,-119.9609727,36.58356455,1.06E+13,"["" No comment""]"
95,2020-21,636270,1062430,1.06E+13,Fresno,Selma Unified,Unified,KG,12,KG,12,,21,"12,14",31,"31 - Town, Fringe",,6050,0,6050,13,0.2,12,0.2,201,3.3,3,0,5515,91.2,8,0.1,283,4.7,15,0.2,0,0,1701,28.1,32,0.5,55,0.9,349,5.8,754,12.5,5290,87.4,5214,86.2,52.94176887,212954185.6,81518.30872,-119.6247228,36.56197773,1.06E+13,"[""No independent mandates""]"
124,2020-21,614190,1262810,1.26E+13,Humboldt,Fortuna Union High,High,9,12,9,12,,2,2,2,"33 - Town, Remote",SY 2019-20 Boundary Adjustment/Correction,1138,0,1138,5,0.4,50,4.4,12,1.1,2,0.2,307,27,1,0.1,685,60.2,73,6.4,3,0.3,51,4.5,12,1.1,29,2.5,0,0,175,15.4,596,52.4,568,49.9,561.265142,2517145468,392413.5338,-124.2173253,40.67765662,1.26E+13,"[""No independent mandates""]"
124,2020-21,614190,1262810,1.26E+13,Humboldt,Fortuna Union High,High,9,12,9,12,,2,2,2,"33 - Town, Remote",SY 2019-20 Boundary Adjustment/Correction,1138,0,1138,5,0.4,50,4.4,12,1.1,2,0.2,307,27,1,0.1,685,60.2,73,6.4,3,0.3,51,4.5,12,1.1,29,2.5,0,0,175,15.4,596,52.4,568,49.9,561.265142,2517145468,392413.5338,-124.2197162,40.68553783,1.26E+13,"[""No independent mandates""]"
124,2020-21,614190,1262810,1.26E+13,Humboldt,Fortuna Union High,High,9,12,9,12,,2,2,2,"33 - Town, Remote",SY 2019-20 Boundary Adjustment/Correction,1138,0,1138,5,0.4,50,4.4,12,1.1,2,0.2,307,27,1,0.1,685,60.2,73,6.4,3,0.3,51,4.5,12,1.1,29,2.5,0,0,175,15.4,596,52.4,568,49.9,561.265142,2517145468,392413.5338,-124.2243091,40.69056565,1.26E+13,"[""No independent mandates""]"
124,2020-21,614190,1262810,1.26E+13,Humboldt,Fortuna Union High,High,9,12,9,12,,2,2,2,"33 - Town, Remote",SY 2019-20 Boundary Adjustment/Correction,1138,0,1138,5,0.4,50,4.4,12,1.1,2,0.2,307,27,1,0.1,685,60.2,73,6.4,3,0.3,51,4.5,12,1.1,29,2.5,0,0,175,15.4,596,52.4,568,49.9,561.265142,2517145468,392413.5338,-123.8602781,40.50534549,1.26E+13,"[""No independent mandates""]"
134,2020-21,624300,1262950,1.26E+13,Humboldt,McKinleyville Union Elementary,Elementary,KG,8,KG,8,,2,2,2,"33 - Town, Remote",,971,0,971,10,1,88,9.1,16,1.6,3,0.3,138,14.2,2,0.2,565,58.2,117,12,32,3.3,39,4,14,1.4,50,5.1,0,0,181,18.6,622,64.1,619,63.7,46.45879804,211237736.7,96928.27805,-124.013013,40.96592977,1.26E+13,couldn't be reached
141,2020-21,637590,1263040,1.26E+13,Humboldt,Southern Humboldt Joint Unified,Unified,KG,12,KG,12,,2,2,2,"43 - Rural, Remote",,666,0,666,8,1.2,17,2.6,6,0.9,0,0,136,20.4,5,0.8,450,67.6,36,5.4,8,1.2,45,6.8,0,0,23,3.5,0,0,90,13.5,398,59.8,378,56.8,775.4132435,3443334003,337778.7561,-123.8216388,40.16916718,1.26E+13,"[""No independent mandates""]"
157,2020-21,624180,1363180,1.36E+13,Imperial,McCabe Union Elementary,Elementary,KG,8,KG,8,,51,40,56,"41 - Rural, Fringe",SY 2019-20 Boundary Adjustment/Correction,1312,0,1312,5,0.4,1,0.1,29,2.2,2,0.2,1129,86.1,0,0,132,10.1,7,0.5,7,0.5,196,14.9,5,0.4,0,0,5,0.4,118,9,402,30.6,401,30.6,91.13783714,334349759.8,135405.2623,-115.685717,32.71204292,1.36E+13,"[""No independent mandates""]"
162,2020-21,642180,1363230,1.36E+13,Imperial,Westmorland Union Elementary,Elementary,KG,8,KG,8,,51,40,56,"42 - Rural, Distant",SY 2019-20 Boundary Adjustment/Correction,369,0,369,7,1.9,0,0,1,0.3,0,0,353,95.7,0,0,8,2.2,0,0,0,0,161,43.6,2,0.5,24,6.5,53,14.4,43,11.7,354,95.9,354,95.9,552.5066329,2044230952,207048.151,-115.8697877,33.09121021,1.36E+13,couldn't be reached
175,2020-21,606720,1563370,1.56E+13,Kern,Buttonwillow Union Elementary,Elementary,KG,8,KG,8,,"21,23","14,16","32,34","42 - Rural, Distant",,308,0,308,7,2.3,2,0.6,2,0.6,0,0,275,89.3,0,0,22,7.1,0,0,0,0,178,57.8,0,0,6,1.9,21,6.8,33,10.7,281,91.2,275,89.3,213.5963406,834751973,158016.196,-119.519062,35.41429163,1.56E+13,"[""No independent mandates""]"
179,2020-21,611130,1563420,1.56E+13,Kern,Di Giorgio Elementary,Elementary,KG,8,KG,8,,"21,23","14,16","32,34","41 - Rural, Fringe",,199,0,199,0,0,0,0,0,0,0,0,193,97,0,0,5,2.5,1,0.5,0,0,74,37.2,0,0,0,0,25,12.6,11,5.5,199,100,199,100,53.43508774,208032488.6,66043.85404,-118.7807777,35.25864141,1.56E+13,"[""No independent mandates""]"
189,2020-21,620850,1563560,1.56E+13,Kern,Lamont Elementary,Elementary,KG,8,KG,8,,21,"14,16","32,34","21 - Suburban, Large",,2849,0,2849,4,0.1,0,0,8,0.3,0,0,2817,98.9,0,0,20,0.7,0,0,0,0,1531,53.7,11,0.4,17,0.6,423,14.8,251,8.8,2655,93.2,2625,92.1,23.25332528,90580861.21,41633.77608,-118.9130749,35.28183034,1.56E+13,couldn't be reached
193,2020-21,623760,1563610,1.56E+13,Kern,Maple Elementary,Elementary,KG,8,KG,8,,21,14,32,"41 - Rural, Fringe",,288,0,288,2,0.7,2,0.7,0,0,0,0,199,69.1,0,0,85,29.5,0,0,0,0,23,8,0,0,1,0.3,1,0.3,27,9.4,107,37.2,103,35.8,33.90304456,132771098.4,77676.33985,-119.3905722,35.49865734,1.56E+13,"[""No independent mandates""]"
201,2020-21,633480,1563750,1.56E+13,Kern,Rosedale Union Elementary,Elementary,KG,8,KG,8,,"21,23","14,16","32,34","11 - City, Large",,5762,0,5762,161,2.8,36,0.6,190,3.3,117,2,2160,37.5,10,0.2,2970,51.5,118,2,0,0,187,3.2,15,0.3,3,0.1,0,0,624,10.8,1776,30.8,1731,30,24.7040201,96505045.55,57531.20045,-119.1629802,35.39738144,1.56E+13,"[""No independent mandates""]"
206,2020-21,638700,1563800,1.56E+13,Kern,Taft City,Elementary,KG,8,KG,8,,23,16,34,"32 - Town, Distant",,2322,0,2322,18,0.8,4,0.2,12,0.5,6,0.3,1495,64.4,8,0.3,731,31.5,8,0.3,40,1.7,892,38.4,16,0.7,26,1.1,136,5.9,287,12.4,2030,87.4,2017,86.9,117.7786264,457478919.8,105351.8205,-119.4021499,35.16427609,1.56E+13,couldn't be reached
227,2020-21,630510,1663990,1.66E+13,Kings,Pioneer Union Elementary,Elementary,KG,8,KG,8,,21,14,32,"41 - Rural, Fringe",,1540,1540,0,53,3.4,9,0.6,51,3.3,43,2.8,838,54.4,5,0.3,483,31.4,58,3.8,0,0,136,8.8,2,0.1,4,0.3,5,0.3,127,8.2,886,57.5,709,46,17.49669426,70017390.72,45975.21892,-119.6993528,36.36049021,1.66E+13,couldn't be reached
231,2020-21,620670,1764030,1.76E+13,Lake,Lakeport Unified,Unified,KG,12,KG,12,,"03,05",2,4,"32 - Town, Distant",,1388,0,1388,19,1.4,148,10.7,27,1.9,12,0.9,490,35.3,2,0.1,600,43.2,66,4.8,24,1.7,144,10.4,6,0.4,119,8.6,30,2.2,165,11.9,1004,72.3,992,71.5,128.2449411,551631796,114754.5203,-122.9682056,39.05783834,1.76E+13,"[""No independent mandates""]"
240,2020-21,632520,1864170,1.86E+13,Lassen,Richmond Elementary,Elementary,KG,8,KG,8,,1,1,1,"41 - Rural, Fringe",,211,0,211,0,0,3,1.4,0,0,0,0,19,9,1,0.5,176,83.4,11,5.2,1,0.5,0,0,0,0,0,0,0,0,20,9.5,23,10.9,21,10,55.69238702,248619927.4,80435.4136,-120.7068422,40.34950309,1.86E+13,couldn't be reached
269,2020-21,614940,1964550,1.96E+13,Los Angeles,Garvey Elementary,Elementary,KG,8,KG,8,,"27,38",22,"49,57","21 - Suburban, Large",,4431,0,4431,16,0.4,4,0.1,2613,59,58,1.3,1597,36,3,0.1,48,1.1,53,1.2,39,0.9,1485,33.5,7,0.2,18,0.4,5,0.1,407,9.2,3235,73,3142,70.9,4.652811705,17602316.46,22810.18342,-118.0960302,34.05994057,1.96E+13,"[""No independent mandates""]"
274,2020-21,617040,1964600,1.96E+13,Los Angeles,Hermosa Beach City Elementary,Elementary,KG,8,KG,12,,33,26,66,"21 - Suburban, Large",,1198,0,1198,17,1.4,5,0.4,68,5.7,2,0.2,153,12.8,6,0.5,804,67.1,141,11.8,2,0.2,23,1.9,1,0.1,1,0.1,0,0,123,10.3,69,5.8,64,5.3,1.452839871,5471497.984,10462.73097,-118.3964741,33.86533109,1.96E+13,"[""No independent mandates""]"
289,2020-21,625320,1964790,1.96E+13,Los Angeles,Monrovia Unified,Unified,PK,12,KG,12,,"27,32","22,25","41,48,49","21 - Suburban, Large",,5247,0,5247,244,4.7,8,0.2,331,6.3,135,2.6,3383,64.5,5,0.1,911,17.4,228,4.3,2,0,576,11,22,0.4,223,4.3,0,0,703,13.4,3074,58.6,2998,57.1,12.90232968,48932183,40220.83343,-117.9991847,34.16531721,1.96E+13,"[""No independent mandates""]"
293,2020-21,627690,1964840,1.96E+13,Los Angeles,Norwalk-La Mirada Unified,Unified,PK,12,KG,12,,38,32,"57,58","21 - Suburban, Large",,16209,0,16209,378,2.3,36,0.2,693,4.3,449,2.8,12919,79.7,67,0.4,1158,7.1,316,1.9,193,1.2,2392,14.8,99,0.6,4308,26.6,329,2,2062,12.7,11633,71.8,11359,70.1,15.61882927,58873486.3,47662.39629,-118.0463803,33.90357502,1.96E+13,"[""No independent mandates""]"
301,2020-21,635700,1964980,1.96E+13,Los Angeles,Santa Monica-Malibu Unified,Unified,PK,12,KG,12,,33,"26,27",50,"13 - City, Small",,9929,0,9929,606,6.1,19,0.2,615,6.2,69,0.7,2925,29.5,17,0.2,4917,49.5,684,6.9,77,0.8,761,7.7,20,0.2,19,0.2,0,0,1258,12.7,2235,22.5,2163,21.8,81.17517821,307063434.2,133900.9803,-118.481273,34.02334733,1.96E+13,"[""No independent mandates""]"
301,2020-21,635700,1964980,1.96E+13,Los Angeles,Santa Monica-Malibu Unified,Unified,PK,12,KG,12,,33,"26,27",50,"13 - City, Small",,9929,0,9929,606,6.1,19,0.2,615,6.2,69,0.7,2925,29.5,17,0.2,4917,49.5,684,6.9,77,0.8,761,7.7,20,0.2,19,0.2,0,0,1258,12.7,2235,22.5,2163,21.8,81.17517821,307063434.2,133900.9803,-118.781029,34.05864916,1.96E+13,"[""No independent mandates""]"
307,2020-21,639420,1965060,1.97E+13,Los Angeles,Torrance Unified,Unified,PK,12,KG,12,,"33,43","26,35",66,"12 - City, Midsize ",,22490,0,22490,930,4.1,29,0.1,6470,28.8,1131,5,7196,32,101,0.4,4529,20.1,1960,8.7,144,0.6,2764,12.3,71,0.3,142,0.6,0,0,2641,11.7,6625,29.5,6475,28.8,20.68443103,77843779.55,50197.40168,-118.3416198,33.83502453,1.97E+13,No comment
311,2020-21,642450,1965110,1.97E+13,Los Angeles,Whittier City Elementary,Elementary,KG,8,KG,8,,"32,38","22,32","57,58","21 - Suburban, Large",,5836,0,5836,59,1,10,0.2,44,0.8,24,0.4,5317,91.1,3,0.1,188,3.2,47,0.8,144,2.5,774,13.3,38,0.7,496,8.5,0,0,872,14.9,4331,74.2,4283,73.4,14.86250184,56150647.19,41570.55404,-118.0373767,34.00162554,1.97E+13,"[""No independent mandates""]"
318,2020-21,641280,1973460,1.97E+13,Los Angeles,Walnut Valley Unified,Unified,KG,12,KG,12,,39,29,55,"21 - Suburban, Large",,13493,0,13493,195,1.4,6,0,8103,60.1,785,5.8,3053,22.6,60,0.4,759,5.6,521,3.9,11,0.1,1707,12.7,28,0.2,39,0.3,0,0,1065,7.9,3220,23.9,3116,23.1,21.90942339,82762974.41,59457.44579,-117.8343128,33.99591515,1.97E+13,"["" No comment""]"
331,2020-21,600068,2075580,2.08E+13,Madera,Golden Valley Unified,Unified,KG,12,KG,12,,"04,16","08,12",5,"31 - Town, Fringe",,2089,0,2089,29,1.4,21,1,78,3.7,7,0.3,970,46.4,1,0,922,44.1,53,2.5,8,0.4,136,6.5,27,1.3,8,0.4,0,0,246,11.8,888,42.5,871,41.7,84.05159127,341299130,96481.90446,-119.8531371,36.92748528,2.08E+13,"[""No independent mandates""]"
334,2020-21,605520,2165300,2.17E+13,Marin,Bolinas-Stinson Union,Elementary,KG,8,KG,8,,2,2,10,"42 - Rural, Distant",,84,0,84,2,2.4,1,1.2,0,0,0,0,20,23.8,0,0,51,60.7,4,4.8,6,7.1,10,11.9,0,0,0,0,0,0,8,9.5,32,38.1,32,38.1,38.37452414,160065847.2,79279.54512,-122.7064881,37.94135208,2.17E+13,"["" Indepedent staff mandate without testing option"","" Independent student mandate""]"
353,2020-21,602730,2365540,2.37E+13,Mendocino,Anderson Valley Unified,Unified,KG,12,KG,12,,2,2,2,"43 - Rural, Remote",SY 2019-20 Boundary Adjustment/Correction,434,0,434,3,0.7,2,0.5,0,0,0,0,351,80.9,0,0,75,17.3,3,0.7,0,0,160,36.9,0,0,30,6.9,108,24.9,49,11.3,350,80.6,334,77,351.9950493,1511205563,265749.8094,-123.3630579,38.99016008,2.37E+13,"[""No independent mandates""]"
367,2020-21,612150,2465680,2.47E+13,Merced,El Nido Elementary,Elementary,PK,8,KG,8,,16,12,21,"42 - Rural, Distant",SY 2019-20 Boundary Adjustment/Correction,157,0,157,0,0,1,0.6,2,1.3,0,0,139,88.5,0,0,14,8.9,1,0.6,0,0,105,66.9,1,0.6,0,0,16,10.2,12,7.6,146,93,146,93,74.50947446,304198800.3,79457.69551,-120.5018485,37.13551344,2.47E+13,"["" Considering mandates""]"
370,2020-21,621270,2465730,2.47E+13,Merced,Le Grand Union High,High,9,12,9,12,,16,12,21,"42 - Rural, Distant",SY 2019-20 Boundary Adjustment/Correction,514,0,514,2,0.4,1,0.2,0,0,1,0.2,483,94,0,0,23,4.5,1,0.2,3,0.6,114,22.2,1,0.2,1,0.2,18,3.5,44,8.6,460,89.5,458,89.1,176.5357425,722629526.9,137378.6879,-120.2598785,37.23502243,2.47E+13,"[""No independent mandates""]"
380,2020-21,642960,2465870,2.47E+13,Merced,Winton,Elementary,KG,8,KG,8,,16,12,21,"22 - Suburban, Midsize",SY 2017-18 Boundary Adjustment/Correction,1944,0,1944,14,0.7,7,0.4,85,4.4,0,0,1701,87.5,0,0,134,6.9,3,0.2,0,0,1092,56.2,12,0.6,113,5.8,27,1.4,196,10.1,1781,91.6,1762,90.6,6.720741629,27633490.11,27551.4026,-120.6173886,37.40401364,2.47E+13,"[""No independent mandates""]"
396,2020-21,619680,2766050,2.77E+13,Monterey,King City Union,Elementary,PK,8,KG,8,,20,"12,17",30,"33 - Town, Remote",SY 2019-20 Boundary Adjustment/Correction,2555,0,2555,3,0.1,3,0.1,22,0.9,16,0.6,2411,94.4,0,0,83,3.2,11,0.4,6,0.2,1353,53,2,0.1,383,15,122,4.8,414,16.2,2291,89.7,2244,87.8,239.519793,955561315.8,232444.8676,-121.1192007,36.23957046,2.77E+13,"["" Other partial mandates""]"
411,2020-21,600031,2775150,2.78E+13,Monterey,Big Sur Unified,Unified,KG,12,KG,12,,20,17,30,"43 - Rural, Remote",SY 2019-20 Boundary Adjustment/Correction,103,94,9,0,0,0,0,1,1,1,1,26,25.2,0,0,52,50.5,18,17.5,5,4.9,6,5.8,1,1,0,0,0,0,7,6.8,24,23.3,24,23.3,124.7481494,494167199.6,166126.0461,-121.4517719,35.95874941,2.78E+13,couldn't be reached
412,2020-21,637050,2775440,2.78E+13,Monterey,Soledad Unified,Unified,PK,12,KG,12,,20,"12,17",30,"32 - Town, Distant",SY 2019-20 Boundary Adjustment/Correction,4911,0,4911,22,0.4,3,0.1,49,1,51,1,4660,94.9,4,0.1,105,2.1,17,0.3,0,0,1511,30.8,5,0.1,181,3.7,98,2,718,14.6,4521,92.1,4450,90.6,117.147417,469310758,168274.7588,-121.3283154,36.40335232,2.78E+13,"[""No independent mandates""]"
418,2020-21,637830,2866290,2.87E+13,Napa,Saint Helena Unified,Unified,KG,12,KG,12,,5,3,4,"31 - Town, Fringe",SY 2011-12 Boundary Adjustment/Correction,1187,0,1187,5,0.4,4,0.3,13,1.1,2,0.2,629,53,0,0,519,43.7,15,1.3,0,0,231,19.5,0,0,10,0.8,20,1.7,116,9.8,532,44.8,470,39.6,313.5823821,1331787668,397901.0141,-122.3277446,38.60101671,2.87E+13,"[""No independent mandates""]"
422,2020-21,626820,2966340,2.97E+13,Nevada,Nevada City Elementary,Elementary,PK,8,KG,8,,1,1,1,"32 - Town, Distant",SY 2019-20 Boundary Adjustment/Correction,696,0,696,4,0.6,5,0.7,7,1,2,0.3,53,7.6,0,0,576,82.8,49,7,0,0,4,0.6,1,0.1,1,0.1,0,0,67,9.6,218,31.3,218,31.3,164.1211976,710375353.2,201289.7986,-120.8919707,39.27938442,2.97E+13,"[""No independent mandates""]"
434,2020-21,610440,3066480,3.07E+13,Orange,Cypress Elementary,Elementary,KG,6,KG,6,,"38,47","29,34","65,72","21 - Suburban, Large",,3540,0,3540,87,2.5,7,0.2,1328,37.5,196,5.5,998,28.2,21,0.6,686,19.4,216,6.1,1,0,598,16.9,12,0.3,277,7.8,0,0,402,11.4,1146,32.4,1130,31.9,6.282381559,23635048.91,26014.25486,-118.04135,33.82031684,3.07E+13,No Comment
439,2020-21,618030,3066530,3.07E+13,Orange,Huntington Beach City Elementary,Elementary,KG,8,KG,8,,48,"34,37","72,74","21 - Suburban, Large",,5588,278,5310,25,0.4,9,0.2,618,11.1,47,0.8,1110,19.9,15,0.3,3051,54.6,604,10.8,109,2,280,5,10,0.2,35,0.6,0,0,674,12.1,1096,19.6,1071,19.2,13.72595912,51463718.5,46551.47952,-117.9970872,33.6729603,3.07E+13,"["" Indepedent staff mandate without testing option""]"
448,2020-21,635310,3066670,3.07E+13,Orange,Santa Ana Unified,Unified,PK,12,KG,12,,"45,46,48","34,37","68,69,74","11 - City, Large",,46593,2676,43917,101,0.2,131,0.3,916,2,115,0.2,44673,95.9,73,0.2,400,0.9,160,0.3,24,0.1,16245,34.9,210,0.5,5541,11.9,385,0.8,6227,13.4,40700,87.4,39390,84.5,26.29643378,98701636.77,62755.03383,-117.8757236,33.7202708,3.07E+13,"[""No independent mandates""]"
453,2020-21,684500,3073650,3.07E+13,Orange,Irvine Unified,Unified,PK,12,KG,12,,45,37,"68,74","11 - City, Large",SY 2018-19 Boundary Adjustment/Correction,35660,0,35660,690,1.9,47,0.1,17155,48.1,1006,2.8,4179,11.7,88,0.2,9129,25.6,3195,9,171,0.5,5561,15.6,51,0.1,37,0.1,0,0,3162,8.9,6783,19,6783,19,61.09147048,229063929.3,87339.71134,-117.7651849,33.67519883,3.07E+13,"[""No independent mandates""]"
466,2020-21,633600,3166910,3.17E+13,Placer,Roseville City Elementary,Elementary,KG,8,KG,8,,4,4,6,"12 - City, Midsize ",,11008,0,11008,266,2.4,39,0.4,899,8.2,654,5.9,2632,23.9,42,0.4,5523,50.2,911,8.3,42,0.4,1005,9.1,38,0.3,152,1.4,11,0.1,1364,12.4,3118,28.3,3041,27.6,42.57475226,181731608.2,94506.42823,-121.3357072,38.78351801,3.17E+13,"[""No independent mandates""]"
479,2020-21,619260,3367090,3.37E+13,Riverside,Jurupa Unified,Unified,PK,12,KG,12,,"41,42",31,60,"21 - Suburban, Large",,18768,0,18768,371,2,26,0.1,248,1.3,97,0.5,16239,86.5,40,0.2,1364,7.3,156,0.8,227,1.2,5166,27.5,97,0.5,63,0.3,0,0,2288,12.2,14323,76.3,13640,72.7,42.57979195,160873595.4,61902.7147,-117.4714705,34.00344821,3.37E+13,"[""No independent mandates""]"
493,2020-21,600029,3375200,3.38E+13,Riverside,Murrieta Valley Unified,Unified,PK,12,KG,12,,"42,50",28,"67,75","21 - Suburban, Large",,22950,0,22950,1246,5.4,75,0.3,932,4.1,844,3.7,9158,39.9,135,0.6,8479,36.9,1859,8.1,222,1,1105,4.8,77,0.3,313,1.4,0,0,3727,16.2,8287,36.1,8075,35.2,167.7589214,626952610.5,145328.3966,-117.2984568,33.53216128,3.38E+13,"[""No independent mandates""]"
495,2020-21,603060,3467280,3.47E+13,Sacramento,Arcohe Union Elementary,Elementary,KG,8,KG,8,,"03,07","03,05,08","08,09","41 - Rural, Fringe",SY 2013-14 Boundary Adjustment/Correction,466,0,466,7,1.5,3,0.6,16,3.4,1,0.2,197,42.3,2,0.4,210,45.1,28,6,2,0.4,62,13.3,0,0,2,0.4,6,1.3,58,12.4,187,40.1,176,37.8,119.4995275,503811249.4,130765.9883,-121.1744181,38.33492484,3.47E+13,couldn't be reached
498,2020-21,613890,3467330,3.47E+13,Sacramento,Folsom-Cordova Unified,Unified,PK,12,KG,12,,7,"01,04,08","06,08","13 - City, Small",SY 2013-14 Boundary Adjustment/Correction,20096,683,19413,942,4.7,51,0.3,3671,18.3,464,2.3,4563,22.7,158,0.8,8362,41.6,1847,9.2,38,0.2,2401,11.9,36,0.2,536,2.7,0,0,2481,12.3,6251,31.1,6044,30.1,91.68773752,389567512.4,123299.3026,-121.1834545,38.61691876,3.47E+13,"[""No independent mandates""]"
510,2020-21,617340,3567470,3.57E+13,San Benito,Hollister,Elementary,KG,8,KG,8,,20,12,30,"32 - Town, Distant",SY 2018-19 Boundary Adjustment/Correction,5957,542,5415,28,0.5,15,0.3,93,1.6,30,0.5,4923,82.6,19,0.3,694,11.7,54,0.9,101,1.7,1671,28.1,21,0.4,56,0.9,666,11.2,859,14.4,3882,65.2,3790,63.6,35.55299417,144010078.2,80533.25762,-121.3942647,36.8323799,3.57E+13,"[""No independent mandates""]"
513,2020-21,629770,3567520,3.57E+13,San Benito,Panoche Elementary,Elementary,KG,8,KG,8,,20,12,30,"43 - Rural, Remote",SY 2018-19 Boundary Adjustment/Correction,7,0,7,0,0,0,0,0,0,0,0,6,85.7,0,0,1,14.3,0,0,0,0,2,28.6,0,0,0,0,0,0,0,0,5,71.4,5,71.4,339.1041168,1363782973,201336.495,-120.8299488,36.55504442,3.57E+13,couldn't be reached
529,2020-21,613920,3667710,3.67E+13,San Bernardino,Fontana Unified,Unified,KG,12,KG,12,,"08,31,35",20,"47,52","21 - Suburban, Large",SY 2018-19 Boundary Adjustment/Correction,35461,0,35461,1722,4.9,41,0.1,520,1.5,402,1.1,30983,87.4,72,0.2,1346,3.8,374,1.1,1,0,9185,25.9,261,0.7,330,0.9,0,0,4286,12.1,30049,84.7,29550,83.3,40.53991925,153525543.9,86217.78789,-117.4597542,34.10356162,3.67E+13,"[""No independent mandates""]"
538,2020-21,632370,3667850,3.67E+13,San Bernardino,Rialto Unified,Unified,PK,12,KG,12,,"08,31,35","20,23","40,47","21 - Suburban, Large",SY 2018-19 Boundary Adjustment/Correction,24461,0,24461,2029,8.3,52,0.2,148,0.6,107,0.4,21062,86.1,99,0.4,676,2.8,288,1.2,0,0,5438,22.2,211,0.9,1924,7.9,0,0,2766,11.3,21537,88,21292,87,55.15776457,209313662.6,113041.0883,-117.4532164,34.1911844,3.67E+13,couldn't be reached
546,2020-21,636820,3673890,3.67E+13,San Bernardino,Silver Valley Unified,Unified,PK,12,KG,12,,8,16,33,"33 - Town, Remote",SY 2018-19 Boundary Adjustment/Correction,2014,0,2014,174,8.6,16,0.8,27,1.3,33,1.6,777,38.6,46,2.3,760,37.7,170,8.4,11,0.5,91,4.5,15,0.7,76,3.8,0,0,325,16.1,1133,56.3,1133,56.3,3286.118162,12754172143,598024.6907,-116.5426866,35.12981666,3.67E+13,"[""No independent mandates""]"
560,2020-21,612750,3768080,3.77E+13,San Diego,Encinitas Union Elementary,Elementary,KG,6,KG,6,,49,36,"75,76,77","21 - Suburban, Large",,4918,0,4918,30,0.6,22,0.4,200,4.1,41,0.8,1059,21.5,8,0.2,3249,66.1,227,4.6,82,1.7,452,9.2,2,0,10,0.2,22,0.4,635,12.9,755,15.4,679,13.8,23.77039818,87893890.61,51266.56747,-117.2520924,33.0631483,3.77E+13,"[""No independent mandates""]"
565,2020-21,616230,3768130,3.77E+13,San Diego,Grossmont Union High,High,KG,12,9,12,,"50,51,52,53","38,39,40","71,77,79","21 - Suburban, Large",,22021,5025,16996,1355,6.2,186,0.8,517,2.3,367,1.7,8851,40.2,148,0.7,9306,42.3,1194,5.4,97,0.4,2404,10.9,58,0.3,502,2.3,4,0,3338,15.2,12776,58,12492,56.7,474.3228871,1742560371,241844.2766,-116.8238682,32.77408775,3.77E+13,"[""No independent mandates""]"
605,2020-21,632880,3968650,3.97E+13,San Joaquin,Ripon Unified,Unified,KG,12,KG,12,,"09,10",5,12,"23 - Suburban, Small",,4728,1421,3307,131,2.8,16,0.3,239,5.1,94,2,1625,34.4,12,0.3,2163,45.7,429,9.1,19,0.4,412,8.7,5,0.1,153,3.2,4,0.1,536,11.3,1701,36,1664,35.2,54.36363336,225742958.1,119955.0519,-121.1252678,37.77446583,3.97E+13,"[""No independent mandates""]"
608,2020-21,601410,3976760,3.98E+13,San Joaquin,Lammersville Joint Unified,Unified,KG,12,KG,12,,"09,10,15","05,07","13,16","41 - Rural, Fringe",,6397,0,6397,350,5.5,69,1.1,2810,43.9,546,8.5,1041,16.3,28,0.4,1056,16.5,375,5.9,122,1.9,727,11.4,15,0.2,49,0.8,0,0,443,6.9,901,14.1,846,13.2,53.70875693,222851214,71453.11302,-121.5577123,37.74547976,3.98E+13,couldn't be reached
609,2020-21,603300,4068700,4.07E+13,San Luis Obispo,Atascadero Unified,Unified,PK,12,KG,12,,24,17,35,"23 - Suburban, Small",,4397,0,4397,51,1.2,34,0.8,46,1,50,1.1,1250,28.4,5,0.1,2765,62.9,154,3.5,42,1,320,7.3,45,1,69,1.6,6,0.1,577,13.1,1460,33.2,1390,31.6,1205.055869,4693392583,536886.373,-120.0985246,35.27473858,4.07E+13,"[""No independent mandates""]"
623,2020-21,606780,4168890,4.17E+13,San Mateo,Cabrillo Unified,Unified,KG,12,KG,12,,"14,18",13,"22,24","31 - Town, Fringe",,2934,0,2934,9,0.3,0,0,37,1.3,27,0.9,1533,52.2,4,0.1,1177,40.1,147,5,0,0,554,18.9,2,0.1,46,1.6,92,3.1,371,12.6,1295,44.1,1150,39.2,107.3344534,441665060.6,135311.9857,-122.3907887,37.43304291,4.17E+13,"[""No independent mandates""]"
628,2020-21,620220,4168940,4.17E+13,San Mateo,La Honda-Pescadero Unified,Unified,KG,12,KG,12,,18,13,24,"42 - Rural, Distant",,275,0,275,0,0,1,0.4,0,0,2,0.7,173,62.9,0,0,95,34.5,4,1.5,0,0,105,38.2,5,1.8,3,1.1,2,0.7,42,15.3,154,56,112,40.7,136.2530742,557979505.5,153511.1161,-122.2901498,37.25156799,4.17E+13,"[""No independent mandates""]"
640,2020-21,637530,4169070,4.17E+13,San Mateo,South San Francisco Unified,Unified,PK,12,KG,12,,14,"11,13","19,22","13 - City, Small",,8182,0,8182,89,1.1,14,0.2,1160,14.2,1860,22.7,3891,47.6,146,1.8,524,6.4,488,6,10,0.1,1606,19.6,19,0.2,59,0.7,42,0.5,1118,13.7,3147,38.5,2947,36,11.4880807,47551238.92,50082.05893,-122.4262513,37.65478073,4.17E+13,"[""No independent mandates""]"
644,2020-21,605580,4269120,4.27E+13,Santa Barbara,Santa Maria-Bonita,Elementary,KG,8,KG,8,,24,19,35,"12 - City, Midsize ",,16665,0,16665,50,0.3,35,0.2,58,0.3,219,1.3,15815,94.9,9,0.1,374,2.2,71,0.4,34,0.2,8872,53.2,65,0.4,3284,19.7,1340,8,1568,9.4,15146,90.9,14612,87.7,48.70381724,188167014.3,71522.4054,-120.4479596,34.94382252,4.27E+13,"[""No independent mandates""]"
655,2020-21,628710,4269260,4.27E+13,Santa Barbara,Orcutt Union Elementary,Elementary,KG,12,KG,8,,24,19,"35,37","22 - Suburban, Midsize",SY 2019-20 Boundary Adjustment/Correction,4842,871,3971,27,0.6,31,0.6,66,1.4,65,1.3,2471,51,12,0.2,1758,36.3,289,6,123,2.5,495,10.2,21,0.4,59,1.2,9,0.2,561,11.6,1895,39.1,1852,38.2,223.4241441,860283587.9,204738.9034,-120.4105446,34.80345197,4.27E+13,"[""No independent mandates""]"
656,2020-21,635670,4269310,4.27E+13,Santa Barbara,Santa Maria Joint Union High,High,9,12,9,12,,24,19,"35,37","12 - City, Midsize ",,8953,0,8953,57,0.6,40,0.4,75,0.8,131,1.5,7817,87.3,9,0.1,716,8,67,0.7,41,0.5,1719,19.2,53,0.6,1279,14.3,430,4.8,1034,11.5,6883,76.9,6119,68.3,568.6478324,2193336678,283957.5382,-120.3289689,34.87513555,4.27E+13,"["" Indepedent staff mandate without testing option""]"
660,2020-21,600009,4275010,4.28E+13,Santa Barbara,Cuyama Joint Unified,Unified,KG,12,KG,12,,24,"17,19","35,37","43 - Rural, Remote",SY 2019-20 Boundary Adjustment/Correction,255,72,183,2,0.8,1,0.4,3,1.2,0,0,169,66.3,0,0,69,27.1,10,3.9,1,0.4,39,15.3,1,0.4,0,0,0,0,31,12.2,172,67.5,160,62.7,741.5037568,2857157583,380239.0251,-119.5476944,34.83277794,4.28E+13,"[""No independent mandates""]"
670,2020-21,614370,4369450,4.37E+13,Santa Clara,Franklin-McKinley Elementary,Elementary,KG,8,KG,8,,19,"15,17",27,"11 - City, Large",,8980,2369,6611,151,1.7,6,0.1,2800,31.2,296,3.3,5368,59.8,28,0.3,184,2,111,1.2,36,0.4,3711,41.3,24,0.3,130,1.4,14,0.2,984,11,6629,73.8,6381,71.1,10.7101226,43918173.15,33778.31026,-121.8454245,37.30211506,4.37E+13,"[""No independent mandates""]"
674,2020-21,622350,4369500,4.37E+13,Santa Clara,Loma Prieta Joint Union Elementary,Elementary,KG,8,KG,8,,"18,19","15,17","28,29","41 - Rural, Fringe",SY 2019-20 Boundary Adjustment/Correction,441,0,441,2,0.5,0,0,13,2.9,2,0.5,54,12.2,0,0,312,70.7,53,12,5,1.1,16,3.6,1,0.2,0,0,0,0,62,14.1,26,5.9,26,5.9,45.63592362,186255028.4,115096.1597,-121.8976671,37.12262835,4.37E+13,"[""No independent mandates""]"
706,2020-21,605220,4569880,4.57E+13,Shasta,Black Butte Union Elementary,Elementary,KG,8,KG,8,,1,1,1,"42 - Rural, Distant",SY 2019-20 Boundary Adjustment/Correction,221,0,221,1,0.5,8,3.6,1,0.5,0,0,40,18.1,1,0.5,154,69.7,12,5.4,4,1.8,3,1.4,7,3.2,1,0.5,0,0,27,12.2,167,75.6,166,75.1,185.970799,834326829,208027.5394,-121.7591237,40.51742788,4.57E+13,couldn't be reached
723,2020-21,632040,4570110,4.57E+13,Shasta,Redding Elementary,Elementary,KG,12,KG,8,,1,1,1,"13 - City, Small",,3036,293,2743,72,2.4,123,4.1,79,2.6,5,0.2,539,17.8,13,0.4,1975,65.1,217,7.1,13,0.4,81,2.7,42,1.4,70,2.3,4,0.1,352,11.6,1927,63.5,1915,63.1,26.27293258,117994067.2,62887.27666,-122.4008752,40.55315795,4.57E+13,"[""No independent mandates""]"
727,2020-21,627040,4573700,4.57E+13,Shasta,Mountain Union Elementary,Elementary,PK,8,KG,8,,1,1,1,"42 - Rural, Distant",SY 2019-20 Boundary Adjustment/Correction,64,0,64,0,0,16,25,0,0,0,0,6,9.4,0,0,35,54.7,7,10.9,0,0,1,1.6,0,0,0,0,0,0,8,12.5,58,90.6,58,90.6,199.3754504,902991220.9,158052.3744,-121.9231756,40.83604953,4.57E+13,couldn't be reached
735,2020-21,611700,4770250,4.77E+13,Siskiyou,Dunsmuir Joint Union High,High,9,12,9,12,,1,1,1,"42 - Rural, Distant",SY 2019-20 Boundary Adjustment/Correction,54,0,54,0,0,4,7.4,1,1.9,0,0,10,18.5,0,0,32,59.3,6,11.1,1,1.9,0,0,0,0,3,5.6,0,0,5,9.3,43,79.6,41,75.9,257.1042096,1175288349,180193.616,-122.3099986,41.14382347,4.77E+13,couldn't be reached
750,2020-21,642600,4770490,4.77E+13,Siskiyou,Willow Creek Elementary,Elementary,KG,8,KG,8,,1,1,1,"42 - Rural, Distant",,34,0,34,0,0,3,8.8,0,0,0,0,5,14.7,0,0,21,61.8,4,11.8,1,2.9,0,0,0,0,0,0,0,0,2,5.9,26,76.5,25,73.5,90.6330529,423081825.7,137928.0092,-122.399154,41.82801955,4.77E+13,couldn't be reached
757,2020-21,613360,4870540,4.87E+13,Solano,Fairfield-Suisun Unified,Unified,PK,12,KG,12,,"03,05",3,"04,11,14","12 - City, Midsize ",SY 2011-12 Boundary Adjustment/Correction,20703,0,20703,2786,13.5,72,0.3,1210,5.8,1864,9,9350,45.2,235,1.1,3236,15.6,1906,9.2,44,0.2,3026,14.6,93,0.4,96,0.5,132,0.6,2432,11.7,11916,57.6,11559,55.8,280.8189628,1179744480,283285.2565,-122.1753744,38.13149651,4.87E+13,"[""No independent mandates""]"
757,2020-21,613360,4870540,4.87E+13,Solano,Fairfield-Suisun Unified,Unified,PK,12,KG,12,,"03,05",3,"04,11,14","12 - City, Midsize ",SY 2011-12 Boundary Adjustment/Correction,20703,0,20703,2786,13.5,72,0.3,1210,5.8,1864,9,9350,45.2,235,1.1,3236,15.6,1906,9.2,44,0.2,3026,14.6,93,0.4,96,0.5,132,0.6,2432,11.7,11916,57.6,11559,55.8,280.8189628,1179744480,283285.2565,-121.8293524,38.24315092,4.87E+13,"[""No independent mandates""]"
757,2020-21,613360,4870540,4.87E+13,Solano,Fairfield-Suisun Unified,Unified,PK,12,KG,12,,"03,05",3,"04,11,14","12 - City, Midsize ",SY 2011-12 Boundary Adjustment/Correction,20703,0,20703,2786,13.5,72,0.3,1210,5.8,1864,9,9350,45.2,235,1.1,3236,15.6,1906,9.2,44,0.2,3026,14.6,93,0.4,96,0.5,132,0.6,2432,11.7,11916,57.6,11559,55.8,280.8189628,1179744480,283285.2565,-122.0500058,38.20300625,4.87E+13,"[""No independent mandates""]"
768,2020-21,614010,4970680,4.97E+13,Sonoma,Forestville Union Elementary,Elementary,KG,8,KG,8,,2,2,2,"41 - Rural, Fringe",,267,218,49,1,0.4,0,0,0,0,0,0,89,33.3,0,0,164,61.4,13,4.9,0,0,43,16.1,2,0.7,3,1.1,0,0,34,12.7,143,53.6,139,52.1,26.52899238,112306338.6,74898.66613,-122.9140543,38.48438898,4.97E+13,"[""No independent mandates""]"
773,2020-21,616620,4970730,4.97E+13,Sonoma,Harmony Union Elementary,Elementary,KG,12,KG,8,,2,2,"02,10","41 - Rural, Fringe",SY 2011-12 Boundary Adjustment/Correction,617,577,40,9,1.5,2,0.3,7,1.1,9,1.5,168,27.2,0,0,348,56.4,69,11.2,5,0.8,26,4.2,2,0.3,19,3.1,0,0,78,12.6,229,37.1,218,35.3,48.97003894,206753314.3,101849.9584,-122.9680277,38.38704626,4.97E+13,"[""No independent mandates""]"
784,2020-21,630450,4970870,4.97E+13,Sonoma,Piner-Olivet Union Elementary,Elementary,KG,12,KG,6,,"02,05",2,"02,10","12 - City, Midsize ",,1240,973,267,32,2.6,13,1,88,7.1,30,2.4,561,45.2,6,0.5,433,34.9,71,5.7,6,0.5,222,17.9,2,0.2,0,0,4,0.3,107,8.6,561,45.2,532,42.9,13.61150807,57604412.38,42566.23829,-122.801025,38.47319844,4.97E+13,couldn't be reached
789,2020-21,635830,4970920,4.97E+13,Sonoma,Santa Rosa High,High,5,12,7,12,,"02,05","02,03","02,04,10","12 - City, Midsize ",,10821,127,10694,205,1.9,88,0.8,575,5.3,121,1.1,5725,52.9,78,0.7,3513,32.5,516,4.8,0,0,1393,12.9,68,0.6,85,0.8,191,1.8,1719,15.9,5382,49.7,4759,44,184.3046033,779676405.4,176192.2662,-122.667905,38.45883754,4.97E+13,"[""No independent mandates""]"
800,2020-21,600044,4975390,4.98E+13,Sonoma,Healdsburg Unified,Unified,KG,12,KG,12,,2,2,2,"21 - Suburban, Large",,1317,0,1317,5,0.4,12,0.9,12,0.9,2,0.2,833,63.2,2,0.2,441,33.5,10,0.8,0,0,271,20.6,1,0.1,7,0.5,75,5.7,172,13.1,752,57.1,641,48.7,199.5339585,848132227,219837.4771,-122.8783869,38.63148338,4.98E+13,"[""No independent mandates""]"
802,2020-21,608250,5071050,5.07E+13,Stanislaus,Chatom Union,Elementary,KG,8,KG,8,,10,"08,12","12,21","41 - Rural, Fringe",SY 2019-20 Boundary Adjustment/Correction,573,0,573,1,0.2,2,0.3,2,0.3,0,0,359,62.7,0,0,197,34.4,11,1.9,1,0.2,238,41.5,2,0.3,39,6.8,10,1.7,66,11.5,416,72.6,400,69.8,64.1209712,264133958,93210.38176,-120.9632247,37.47401673,5.07E+13,couldn't be reached
807,2020-21,617160,5071100,5.07E+13,Stanislaus,Hickman Community Charter,Elementary,KG,8,KG,8,,10,8,12,"31 - Town, Fringe",SY 2019-20 Boundary Adjustment/Correction,1059,1059,0,21,2,9,0.8,26,2.5,3,0.3,304,28.7,5,0.5,638,60.2,34,3.2,19,1.8,78,7.4,2,0.2,0,0,0,0,100,9.4,346,32.7,339,32,19.38128036,80127069.22,46284.39291,-120.7342713,37.61007322,5.07E+13,"[""No independent mandates""]"
818,2020-21,638670,5071290,5.07E+13,Stanislaus,Sylvan Union Elementary,Elementary,KG,8,KG,8,,10,"05,08",12,"12 - City, Midsize ",,7913,0,7913,264,3.3,28,0.4,542,6.8,210,2.7,3619,45.7,94,1.2,2549,32.2,419,5.3,188,2.4,1192,15.1,31,0.4,37,0.5,0,0,1017,12.9,3960,50,3845,48.6,21.0396967,87184651.88,57315.7439,-120.9578169,37.69667736,5.07E+13,"[""No independent mandates""]"
842,2020-21,613860,5271530,5.27E+13,Tehama,Flournoy Union Elementary,Elementary,KG,8,KG,8,,1,4,3,"43 - Rural, Remote",SY 2020-21 District Merge: Flournoy Union annexes Elkins Elem,42,0,42,0,0,0,0,0,0,0,0,7,16.7,0,0,33,78.6,2,4.8,0,0,1,2.4,0,0,0,0,0,0,6,14.3,27,64.3,27,64.3,393.0561857,1731107882,263043.6929,-122.6274489,39.88628255,5.27E+13,couldn't be reached
852,2020-21,609240,5371670,5.37E+13,Trinity,Coffee Creek Elementary,Elementary,KG,8,KG,8,,2,2,2,"43 - Rural, Remote",SY 2019-20 Boundary Adjustment/Correction,8,0,8,0,0,0,0,0,0,0,0,0,0,0,0,7,87.5,1,12.5,0,0,0,0,0,0,0,0,0,0,0,0,5,62.5,5,62.5,356.5658827,1631052386,222966.7064,-122.6876182,41.16602775,5.37E+13,couldn't be reached
866,2020-21,610350,5471860,5.47E+13,Tulare,Cutler-Orosi Joint Unified,Unified,KG,12,KG,12,,"22,23","08,14","23,26","32 - Town, Distant",,4007,0,4007,1,0,5,0.1,6,0.1,110,2.7,3841,95.9,2,0,39,1,1,0,2,0,1501,37.5,21,0.5,76,1.9,123,3.1,314,7.8,3812,95.1,3793,94.7,572.48243,2307196442,327565.6634,-118.7763832,36.63668827,5.47E+13,couldn't be reached
881,2020-21,633270,5472090,5.47E+13,Tulare,Rockford Elementary,Elementary,KG,8,KG,8,,"21,23",14,26,"41 - Rural, Fringe",,320,0,320,1,0.3,0,0,0,0,11,3.4,172,53.8,0,0,128,40,7,2.2,1,0.3,42,13.1,2,0.6,0,0,8,2.5,12,3.8,182,56.9,182,56.9,10.66361079,42341654.65,35626.10856,-119.1115785,36.05262825,5.47E+13,couldn't be reached
885,2020-21,638040,5472140,5.47E+13,Tulare,Stone Corral Elementary,Elementary,KG,12,KG,8,,"22,23","08,14","23,26","42 - Rural, Distant",,687,557,130,15,2.2,7,1,12,1.7,0,0,551,80.2,2,0.3,80,11.6,18,2.6,2,0.3,149,21.7,12,1.7,18,2.6,12,1.7,57,8.3,619,90.1,609,88.6,19.32531837,77568075.89,42527.6734,-119.1969355,36.47860143,5.47E+13,couldn't be reached
917,2020-21,624720,5672470,5.67E+13,Ventura,Mesa Union Elementary,Elementary,KG,12,KG,8,,26,19,"37,44","41 - Rural, Fringe",,1089,505,584,18,1.7,1,0.1,36,3.3,19,1.7,586,53.8,0,0,347,31.9,72,6.6,10,0.9,76,7,4,0.4,10,0.9,11,1,110,10.1,435,39.9,428,39.3,28.18229773,107155121.6,54178.20358,-119.0835874,34.2740258,5.67E+13,"[""No independent mandates""]"
920,2020-21,628270,5672520,5.67E+13,Ventura,Ojai Unified,Unified,PK,12,KG,12,,26,19,37,"21 - Suburban, Large",,2397,68,2329,20,0.8,5,0.2,34,1.4,12,0.5,912,38,2,0.1,1322,55.2,90,3.8,0,0,192,8,2,0.1,39,1.6,0,0,332,13.9,1074,44.8,1014,42.3,189.4551489,724064499.8,132209.4699,-119.2446043,34.4913301,5.67E+13,"[""No independent mandates""]"
931,2020-21,625690,5673940,5.67E+13,Ventura,Moorpark Unified,Unified,KG,12,KG,12,,26,"19,27","37,44","22 - Suburban, Midsize",,5923,78,5845,43,0.7,4,0.1,293,4.9,58,1,2980,50.3,2,0,2246,37.9,297,5,0,0,711,12,8,0.1,5,0.1,0,0,883,14.9,1946,32.9,1802,30.4,47.2180074,179694400.6,68852.62055,-118.8721496,34.31208482,5.67E+13,couldn't be reached
937,2020-21,643080,5772710,5.77E+13,Yolo,Woodland Joint Unified,Unified,KG,12,KG,12,,3,"03,04","03,04","23 - Suburban, Small",,9658,225,9433,125,1.3,49,0.5,520,5.4,67,0.7,6709,69.5,37,0.4,1820,18.8,230,2.4,101,1,1976,20.5,73,0.8,88,0.9,245,2.5,1319,13.7,5521,57.2,5056,52.4,312.995097,1333730437,217239.7476,-121.7700543,38.72145708,5.77E+13,"[""No independent mandates""]"